Model,Precision,Recall,F2,PR_AUC,ROC_AUC,Train_AUC,Valid_AUC
XGBoost,0.8279095672924199,0.8412731574039904,0.8385660373880239,0.9041572753569609,0.9534094301413708,0.9536232810214107,0.9534094301413708
LightGBM,0.8259764686881466,0.8407345981911603,0.8377409319953185,0.9026952085541753,0.9527416878312852,0.9528436822056946,0.9527416878312852
CatBoost,0.8258927928805192,0.8351238215271279,0.8332611445400754,0.9004390345955026,0.9514782214497325,0.9514849897401272,0.9514782214497325
